vorname,anzahl,geschlecht,position
Ali,29,m,1
Marie,27,w,2
Emma,27,w,1
Sophie,25,w,2
Emilia,18,w,1
Adam,17,m,1
Noah,17,m,1
Mia,16,w,1
Elias,16,m,1
Maximilian,16,m,1
Emil,15,m,1
Lina,14,w,1
Leon,14,m,1
Alexander,13,m,2
Maria,13,w,2
Anna,13,w,1
Hannah,13,w,1
Johanna,13,w,1
Ahmad,13,m,1
Ben,13,m,1
Oskar,13,m,1
Mila,12,w,1
Mira,12,w,1
Amir,12,m,1
Paul,12,m,1
Sophie,11,w,1
Mohammad,11,m,1
Ali,10,m,2
Charlotte,10,w,1
Ella,10,w,1
Mina,10,w,1
Jakob,10,m,1
Sophia,10,w,1
Joshua,10,m,1
Liam,10,m,1
Luca,10,m,1
Ömer,10,m,1
Lara,9,w,1
Lea,9,w,1
David,9,m,1
Jonas,9,m,1
Lukas,9,m,1
Emilia,8,w,2
Hanna,8,w,1
Helena,8,w,1
Leonie,8,w,1
Lilly,8,w,1
Elyas,8,m,1
Erik,8,m,1
Felix,8,m,1
Hassan,8,m,1
Jonathan,8,m,1
Lennard,8,m,1
Mohamad,8,m,1
Muhammed,8,m,1
Yusuf,8,m,1
Noah,7,m,2
Valentin,7,m,2
Charlotte,7,w,2
Aylin,7,w,1
Clara,7,w,1
Elena,7,w,1
Laura,7,w,1
Lena,7,w,1
Leni,7,w,1
Maria,7,w,1
Marie,7,w,1
Meryem,7,w,1
Sofia,7,w,1
Finn,7,m,1
Jannis,7,m,1
Leo,7,m,1
Luis,7,m,1
Malik,7,m,1
Matteo,7,m,1
Max,7,m,1
Samuel,7,m,1
Theo,7,m,1
Ahmad,6,m,2
Elias,6,m,2
Elisabeth,6,w,2
Joel,6,m,2
Johanna,6,w,2
Luca,6,m,2
Lina,6,w,2
Michael,6,m,2
Luise,6,w,2
Antonia,6,w,1
Ava,6,w,1
Azra,6,w,1
Emily,6,w,1
Leyla,6,w,1
Liya,6,w,1
Maja,6,w,1
Malina,6,w,1
Mathilda,6,w,1
Alexander,6,m,1
Maya,6,w,1
Aras,6,m,1
Merle,6,w,1
Daniel,6,m,1
Nora,6,w,1
Emir,6,m,1
Gabriel,6,m,1
Hamza,6,m,1
Henry,6,m,1
Ilyas,6,m,1
Julian,6,m,1
Louis,6,m,1
Mika,6,m,1
Mohamed,6,m,1
Tom,6,m,1
Benjamin,5,m,2
Helene,5,w,2
Can,5,m,2
Nur,5,w,2
Daniel,5,m,2
Maximilian,5,m,2
Peter,5,m,2
Samuel,5,m,2
Alina,5,w,1
Amelie,5,w,1
Amira,5,w,1
Elif,5,w,1
Elin,5,w,1
Elina,5,w,1
Erva,5,w,1
Fatima,5,w,1
Ida,5,w,1
Isabella,5,w,1
Anton,5,m,1
Jasmin,5,w,1
Bruno,5,m,1
Lia,5,w,1
Enes,5,m,1
Lisa,5,w,1
Eymen,5,m,1
Lotta,5,w,1
Fritz,5,m,1
Lucy,5,w,1
Henri,5,m,1
Malia,5,w,1
Hussein,5,m,1
Mariam,5,w,1
Ibrahim,5,m,1
Marlene,5,w,1
Jayden,5,m,1
Matilda,5,w,1
Karim,5,m,1
Paula,5,w,1
Kerem,5,m,1
Sara,5,w,1
Kilian,5,m,1
Tuana,5,w,1
Leonard,5,m,1
Mahdi,5,m,1
Milan,5,m,1
Muhammad,5,m,1
Niklas,5,m,1
Philipp,5,m,1
Raphael,5,m,1
Vincent,5,m,1
Youssef,5,m,1
Yunus,5,m,1
Elena,4,w,2
Florentina,4,w,2
Josephine,4,w,2
Matilda,4,w,2
Andreas,4,m,2
Meryem,4,w,2
Asaf,4,m,2
Mia,4,w,2
Emil,4,m,2
Sofia,4,w,2
Eymen,4,m,2
Sophia,4,w,2
Gabriel,4,m,2
Su,4,w,2
Karl,4,m,2
Leon,4,m,2
Liam,4,m,2
Luis,4,m,2
Miguel,4,m,2
Theodor,4,m,2
Aleyna,4,w,1
Elisa,4,w,1
Enna,4,w,1
Greta,4,w,1
Julia,4,w,1
Juna,4,w,1
Klara,4,w,1
Laia,4,w,1
Lorin,4,w,1
Luise,4,w,1
Adrian,4,m,1
Luna,4,w,1
Benjamin,4,m,1
Malak,4,w,1
Bilal,4,m,1
Maryam,4,w,1
Emre,4,m,1
Masal,4,w,1
Ensar,4,m,1
Melek,4,w,1
Fabian,4,m,1
Melis,4,w,1
Filip,4,m,1
Milena,4,w,1
Jad,4,m,1
Paulina,4,w,1
Jan,4,m,1
Ronja,4,w,1
Joel,4,m,1
Tilda,4,w,1
John,4,m,1
Yara,4,w,1
Justus,4,m,1
Yaren,4,w,1
Karl,4,m,1
Zeynep,4,w,1
Lian,4,m,1
Mateo,4,m,1
Mert,4,m,1
Mohammed,4,m,1
Moritz,4,m,1
Timur,4,m,1
Toni,4,m,1
William,4,m,1
Maria,3,w,3
Marie,3,w,3
Amalia,3,w,2
Amelie,3,w,2
Antonia,3,w,2
Elise,3,w,2
Helena,3,w,2
Isabel,3,w,2
Aaron,3,m,2
Jolie,3,w,2
Amir,3,m,2
Lilith,3,w,2
Aslan,3,m,2
Luisa,3,w,2
Caspar,3,m,2
Luna,3,w,2
Christian,3,m,2
Malia,3,w,2
Emanuel,3,m,2
Melissa,3,w,2
Emilio,3,m,2
Minou,3,w,2
Emir,3,m,2
Nisa,3,w,2
Emmanuel,3,m,2
Nora,3,w,2
Erik,3,m,2
Rosa,3,w,2
Finn,3,m,2
Rose,3,w,2
Hassan,3,m,2
Sarah,3,w,2
Jonathan,3,m,2
Sena,3,w,2
Lennox,3,m,2
Leonard,3,m,2
Martin,3,m,2
Matei,3,m,2
Matthias,3,m,2
Maxim,3,m,2
Mehmet,3,m,2
Milan,3,m,2
Muhammed,3,m,2
Olaf,3,m,2
Ole,3,m,2
Oskar,3,m,2
Pascal,3,m,2
Robert,3,m,2
Selim,3,m,2
Tobias,3,m,2
Viktor,3,m,2
Aisha,3,w,1
Alea,3,w,1
Alia,3,w,1
Alma,3,w,1
Alva,3,w,1
Amalia,3,w,1
Anastasija,3,w,1
Anouk,3,w,1
Aaron,3,m,1
Arin,3,w,1
Abdullah,3,m,1
Asya,3,w,1
Ahmet,3,m,1
Carlotta,3,w,1
Alessio,3,m,1
Damla,3,w,1
Arthur,3,m,1
Ela,3,w,1
Azad,3,m,1
Elise,3,w,1
Bennet,3,m,1
Fiona,3,w,1
Bent,3,m,1
Frida,3,w,1
Carl,3,m,1
Frieda,3,w,1
Damian,3,m,1
Hazal,3,w,1
Deniz,3,m,1
Jasmina,3,w,1
Edgar,3,m,1
Laila,3,w,1
Elian,3,m,1
Lana,3,w,1
Emilio,3,m,1
Lene,3,w,1
Emin,3,m,1
Liah,3,w,1
Emirhan,3,m,1
Lilia,3,w,1
Gustav,3,m,1
Lorena,3,w,1
Hadi,3,m,1
Louisa,3,w,1
Hüseyin,3,m,1
Lucia,3,w,1
Issa,3,m,1
Luisa,3,w,1
Jasper,3,m,1
Mara,3,w,1
Johann,3,m,1
Marla,3,w,1
Jona,3,m,1
Melina,3,w,1
Khaled,3,m,1
Miray,3,w,1
Konstantin,3,m,1
Mirella,3,w,1
Leopold,3,m,1
Naya,3,w,1
Levi,3,m,1
Nele,3,w,1
Levin,3,m,1
Nour,3,w,1
Linus,3,m,1
Olivia,3,w,1
Lio,3,m,1
Pauline,3,w,1
Lion,3,m,1
Pia,3,w,1
Lucas,3,m,1
Raya,3,w,1
Matheo,3,m,1
Sena,3,w,1
Mattheo,3,m,1
Sila,3,w,1
Mikail,3,m,1
Stella,3,w,1
Miran,3,m,1
Thea,3,w,1
Mirza,3,m,1
Yağmur,3,w,1
Nathan,3,m,1
Zahraa,3,w,1
Omar,3,m,1
Zara,3,w,1
Oscar,3,m,1
Zehra,3,w,1
Piet,3,m,1
Zoey,3,w,1
Sebastian,3,m,1
Seyit,3,m,1
Simon,3,m,1
Theodor,3,m,1
Timo,3,m,1
Titus,3,m,1
Tobias,3,m,1
Yasin,3,m,1
Yassin,3,m,1
Younes,3,m,1
Max,2,m,3
Rainer,2,m,3
Willy,2,m,3
Eva,2,w,3
Rose,2,w,3
Aaliyah,2,w,2
Abena,2,w,2
Ahmed,2,w,2
Alexandra,2,w,2
Aleyna,2,w,2
Alicia,2,w,2
Aurora,2,w,2
Christiane,2,w,2
Christine,2,w,2
Elif,2,w,2
Emilie,2,w,2
Emma,2,w,2
Erika,2,w,2
Felicitas,2,w,2
Fleur,2,w,2
Gabriele,2,w,2
Hannah,2,w,2
Adam,2,m,2
Hira,2,w,2
Aiden,2,m,2
Josephin,2,w,2
Albert,2,m,2
Julie,2,w,2
Aleksander,2,m,2
Katharina,2,w,2
Antonio,2,m,2
Leonie,2,w,2
Ben,2,m,2
Lia,2,w,2
Bruno,2,m,2
Lilly,2,w,2
Collin,2,m,2
Liya,2,w,2
Constantin,2,m,2
Lotta,2,w,2
Emin,2,m,2
Lotte,2,w,2
Ensar,2,m,2
Louise,2,w,2
Ernesto,2,m,2
Mae,2,w,2
Ezechiel,2,m,2
Malina,2,w,2
Felix,2,m,2
Malou,2,w,2
Georg,2,m,2
Margarete,2,w,2
George,2,m,2
Marlene,2,w,2
Henning,2,m,2
Marlowe,2,w,2
Henrik,2,m,2
Medina,2,w,2
Hüseyin,2,m,2
Miray,2,w,2
Ibrahim,2,m,2
Miriam,2,w,2
Ilyas,2,m,2
Nina,2,w,2
Ismail,2,m,2
Rostislavova,2,w,2
Issa,2,m,2
Theresa,2,w,2
Jan,2,m,2
Victoria,2,w,2
Jasper,2,m,2
Viktoria,2,w,2
John,2,m,2
Zeynep,2,w,2
Jonas,2,m,2
Josef,2,m,2
Jörg,2,m,2
Kartal,2,m,2
Kilian,2,m,2
Konstantin,2,m,2
Levi,2,m,2
Levin,2,m,2
Lian,2,m,2
Linus,2,m,2
Lukas,2,m,2
Malik,2,m,2
Matteo,2,m,2
Mikail,2,m,2
Miraç,2,m,2
Mohammad,2,m,2
Nils,2,m,2
Oleksandrovič,2,m,2
Paul,2,m,2
Prince,2,m,2
Romeo,2,m,2
Salim,2,m,2
Simon,2,m,2
Sven,2,m,2
Tahir,2,m,2
Vincent,2,m,2
Willi,2,m,2
Wolfgang,2,m,2
Yusuf,2,m,2
Aaliyah,2,w,1
Ajla,2,w,1
Alena,2,w,1
Alessia,2,w,1
Alexandra,2,w,1
Alice,2,w,1
Alissa,2,w,1
Amal,2,w,1
Amilia,2,w,1
Amy,2,w,1
Abdulrahman,2,m,1
Ana,2,w,1
Aiden,2,m,1
Anastasia,2,w,1
Alen,2,m,1
Annabelle,2,w,1
Alex,2,m,1
Anuk,2,w,1
Alfred,2,m,1
Ariana,2,w,1
Alper,2,m,1
Assil,2,w,1
Amadeus,2,m,1
Aurelia,2,w,1
Amin,2,m,1
Aurelie,2,w,1
Anuar,2,m,1
Aya,2,w,1
Ardıl,2,m,1
Ayla,2,w,1
Ari,2,m,1
Berfin,2,w,1
Ayaz,2,m,1
Betül,2,w,1
Aykan,2,m,1
Bruna,2,w,1
Azat,2,m,1
Cataleya,2,w,1
Baran,2,m,1
Cecilia,2,w,1
Bastian,2,m,1
Celine,2,w,1
Bela,2,m,1
Cennet,2,w,1
Benedikt,2,m,1
Cleo,2,w,1
Bennett,2,m,1
Diana,2,w,1
Bo,2,m,1
Dila,2,w,1
Christian,2,m,1
Ecem,2,w,1
Christopher,2,m,1
Elanur,2,w,1
Conner,2,m,1
Eleni,2,w,1
Conor,2,m,1
Eliana,2,w,1
Constantin,2,m,1
Elissa,2,w,1
Corvin,2,m,1
Elli,2,w,1
Daris,2,m,1
Emely,2,w,1
Dean,2,m,1
Emilie,2,w,1
Edward,2,m,1
Emmi,2,w,1
Eliano,2,m,1
Enissa,2,w,1
Elliot,2,m,1
Enya,2,w,1
Emilian,2,m,1
Esila,2,w,1
Franciszek,2,m,1
Esma,2,w,1
Frederik,2,m,1
Eva,2,w,1
Fynn,2,m,1
Farah,2,w,1
Gino,2,m,1
Fatma,2,w,1
Habib,2,m,1
Hala,2,w,1
İbrahim,2,m,1
Halima,2,w,1
Ilay,2,m,1
Hanin,2,w,1
Isa,2,m,1
Hedi,2,w,1
Ivan,2,m,1
Helin,2,w,1
Ivo,2,m,1
Hilda,2,w,1
Jacob,2,m,1
Hira,2,w,1
Jakub,2,m,1
Ikra,2,w,1
Jamal,2,m,1
Ilayda,2,w,1
Janne,2,m,1
Jara,2,w,1
Jannik,2,m,1
Jolien,2,w,1
Jibril,2,m,1
Josephine,2,w,1
Jonah,2,m,1
Kiara,2,w,1
Jordan,2,m,1
Lale,2,w,1
Joris,2,m,1
Layan,2,w,1
Josef,2,m,1
Learta,2,w,1
Julius,2,m,1
Lilli,2,w,1
Juri,2,m,1
Lilu,2,w,1
Karam,2,m,1
Lily,2,w,1
Kenan,2,m,1
Linda,2,w,1
Kevin,2,m,1
Liv,2,w,1
Kolja,2,m,1
Liz,2,w,1
Koray,2,m,1
Lore,2,w,1
Leander,2,m,1
Luana,2,w,1
Leandro,2,m,1
Lynn,2,w,1
Lenny,2,m,1
Magdalena,2,w,1
Lewin,2,m,1
Mascha,2,w,1
Liron,2,m,1
Medina,2,w,1
Luan,2,m,1
Melia,2,w,1
Mahir,2,m,1
Meliya,2,w,1
Mahmut,2,m,1
Mihrimah,2,w,1
Malek,2,m,1
Minou,2,w,1
Marcel,2,m,1
Miriam,2,w,1
Mark,2,m,1
Narin,2,w,1
Mats,2,m,1
Nisa,2,w,1
Matthias,2,m,1
Nivin,2,w,1
Mattis,2,m,1
Princess,2,w,1
Merdan,2,m,1
Ravza,2,w,1
Mervan,2,m,1
Rebecca,2,w,1
Milo,2,m,1
Rina,2,w,1
Mio,2,m,1
Rita,2,w,1
Muhammet,2,m,1
Rojda,2,w,1
Musa,2,m,1
Samantha,2,w,1
Musab,2,m,1
Sarah,2,w,1
Mustafa,2,m,1
Selin,2,w,1
Nicolas,2,m,1
Selina,2,w,1
Nikola,2,m,1
Solea,2,w,1
Nikolas,2,m,1
Suvi,2,w,1
Noar,2,m,1
Tabea,2,w,1
Ole,2,m,1
Tala,2,w,1
Osman,2,m,1
Tasnim,2,w,1
Patrice,2,m,1
Thalia,2,w,1
Patrick,2,m,1
Victoria,2,w,1
Pepe,2,m,1
Viktoria,2,w,1
Phillip,2,m,1
Yade,2,w,1
Poyraz,2,m,1
Yasmin,2,w,1
Rafael,2,m,1
Zahra,2,w,1
Rayan,2,m,1
Zoé,2,w,1
Riad,2,m,1
Zümra,2,w,1
Rio,2,m,1
Ryan,2,m,1
Said,2,m,1
Salih,2,m,1
Semih,2,m,1
Shahin,2,m,1
Steven,2,m,1
Taha,2,m,1
Tamer,2,m,1
Tarik,2,m,1
Taylor,2,m,1
Till,2,m,1
Toprak,2,m,1
Tristan,2,m,1
Valerio,2,m,1
Viktor,2,m,1
Yiğit,2,m,1
Zacheu,2,m,1
Sheppard,1,w,5
Alexander,1,m,4
Adejoke,1,w,4
Bonifatius,1,m,4
Auguste,1,w,4
Brulin,1,m,4
Cecilia,1,w,4
Elsayed,1,m,4
Jessy,1,w,4
Horst,1,m,4
Lony,1,w,4
Ignatius,1,m,4
Lynette,1,w,4
Marcin,1,m,4
Makeba,1,w,4
Mohamed,1,m,4
Pauline,1,w,4
Tadros,1,m,4
Rainui,1,w,4
Renate,1,w,4
Abdullah,1,m,3
Ahmad,1,m,3
Aamira,1,w,3
Albert,1,m,3
Abdulrahman,1,w,3
Amaru,1,m,3
Alpha,1,w,3
Anivdelarev,1,m,3
Anne,1,w,3
Anton,1,m,3
Ayten,1,w,3
Benedikt,1,m,3
Bell,1,w,3
Benjamin,1,m,3
Bianca,1,w,3
Bupe,1,m,3
Charlotte,1,w,3
Celal,1,m,3
Collina,1,w,3
Chidirim,1,m,3
DeLane,1,w,3
Claude,1,m,3
Donna,1,w,3
Dariusz,1,m,3
Elisabeth,1,w,3
David,1,m,3
Elke,1,w,3
Elias,1,m,3
Erna,1,w,3
Emrik,1,m,3
Fiona,1,w,3
Erich,1,m,3
Franziska,1,w,3
Finn,1,m,3
Gabriele,1,w,3
Franz,1,m,3
Gabriella,1,w,3
Friedrich,1,m,3
Giselle,1,w,3
Fritz,1,m,3
Grimes,1,w,3
Gabriel,1,m,3
Helene,1,w,3
Gerhard,1,m,3
Helga,1,w,3
Grimes,1,m,3
Herdis,1,w,3
Günther,1,m,3
Houda,1,w,3
Hassan,1,m,3
Hussein,1,w,3
Hector,1,m,3
Ingrid,1,w,3
Heinrich,1,m,3
Kaur,1,w,3
Heinz,1,m,3
Lale,1,w,3
Henry,1,m,3
Larissa,1,w,3
Ion,1,m,3
Lefevre,1,w,3
James,1,m,3
Lexiella,1,w,3
Joachim,1,m,3
Lilly,1,w,3
Johannes,1,m,3
Louise,1,w,3
Jordan,1,m,3
Lucy,1,w,3
Khalil,1,m,3
Magdalena,1,w,3
Kirill,1,m,3
Malka,1,w,3
Lars,1,m,3
Manisa,1,w,3
Laszlo,1,m,3
Manolya,1,w,3
Leonhardt,1,m,3
Margueritte,1,w,3
Leopold,1,m,3
Mayealie,1,w,3
Louis,1,m,3
Melena,1,w,3
Marcel,1,m,3
Metghalchi,1,w,3
Matei,1,m,3
Mileyn,1,w,3
Matthias,1,m,3
Mutungi,1,w,3
Maé,1,m,3
Nil,1,w,3
Mehmed,1,m,3
Numba,1,w,3
Meriwether,1,m,3
Nur,1,w,3
Michael,1,m,3
Olivia,1,w,3
Mikail,1,m,3
Oslo,1,w,3
Mohamed,1,m,3
Petra,1,w,3
Moussa,1,m,3
Putri,1,w,3
Nebievič,1,m,3
Ria,1,w,3
Ngoumou,1,m,3
Rosa,1,w,3
Nicholas,1,m,3
Salomea,1,w,3
Otto,1,m,3
Senta,1,w,3
Pablo,1,m,3
Sloan,1,w,3
Paul,1,m,3
Smilla,1,w,3
Philibert,1,m,3
Sophie,1,w,3
Reiner,1,m,3
Sue,1,w,3
Rupert,1,m,3
Tesacek,1,w,3
Samuel,1,m,3
Tiwatope,1,w,3
Stanislaw,1,m,3
Ulla,1,w,3
Sten,1,m,3
Veronica,1,w,3
Stipan,1,m,3
Yelina,1,w,3
Tao,1,m,3
Thapet,1,m,3
Thomas,1,m,3
Thorsten,1,m,3
Winfried,1,m,3
Zoran,1,m,3
Aamyna-Jacy,1,w,2
Abigaëlle,1,w,2
Aboèno,1,w,2
Adjeley,1,w,2
Admira,1,w,2
Afii,1,w,2
Akosua,1,w,2
Akua,1,w,2
Aleksandra,1,w,2
Alekseevna,1,w,2
Alieva,1,w,2
Alina,1,w,2
Alison,1,w,2
Aliya,1,w,2
Alwara,1,w,2
Alysa,1,w,2
Amancaya,1,w,2
Amarachi,1,w,2
Amberle,1,w,2
Amera,1,w,2
Amina,1,w,2
Anais,1,w,2
Anaïs,1,w,2
Ando,1,w,2
Angela,1,w,2
Anifa,1,w,2
Anjali,1,w,2
Annabell,1,w,2
Annastina,1,w,2
Abdallah,1,m,2
Annemarie,1,w,2
Abdullah,1,m,2
Anouk,1,w,2
Abdurrahman,1,m,2
Antonie,1,w,2
Acha,1,m,2
April,1,w,2
Adar,1,m,2
Ariana,1,w,2
Adebisi-Reich,1,m,2
Arife,1,w,2
Adel,1,m,2
Arsenia,1,w,2
Ademola,1,m,2
Asel,1,w,2
Adlan,1,m,2
Asma,1,w,2
Adnan,1,m,2
Astrid,1,w,2
Adrian,1,m,2
Augusta,1,w,2
Ahmed,1,m,2
Augustina,1,w,2
Al-Deen,1,m,2
Aurelia,1,w,2
Alano,1,m,2
Ava,1,w,2
Alassane,1,m,2
Ay,1,w,2
Alessio,1,m,2
Aysel,1,w,2
Alex,1,m,2
Ayşe,1,w,2
Alfred,1,m,2
Azize,1,w,2
Alperen,1,m,2
Bahruz,1,w,2
Alvar,1,m,2
Bea,1,w,2
Amin,1,m,2
Beata,1,w,2
Amon,1,m,2
Beccy,1,w,2
Amro,1,m,2
Beliz,1,w,2
Amîr,1,m,2
Bella,1,w,2
Andrei,1,m,2
Betül,1,w,2
André,1,m,2
Bilent,1,w,2
Anel,1,m,2
Blix,1,w,2
Angelo,1,m,2
Boahma,1,w,2
Angelov,1,m,2
Carlotta,1,w,2
Anselm,1,m,2
Carola,1,w,2
Anthony,1,m,2
Carolina,1,w,2
Anton,1,m,2
Carolyn,1,w,2
Aron,1,m,2
Catherine,1,w,2
Artemis,1,m,2
Ceylin,1,w,2
Aubrey,1,m,2
Charleen,1,w,2
Aurelio,1,m,2
Charline,1,w,2
Aurélien,1,m,2
Chloé,1,w,2
Ayaz,1,m,2
Christa,1,w,2
Azad,1,m,2
Christel,1,w,2
Aziz,1,m,2
Clara,1,w,2
Badie,1,m,2
Cléa,1,w,2
Baker,1,m,2
Cornelia,1,w,2
Bane,1,m,2
Cosette,1,w,2
Bashir,1,m,2
Cécile,1,w,2
Bassam,1,m,2
Daher,1,w,2
Bastian,1,m,2
Dana,1,w,2
Battal,1,m,2
Danailova,1,w,2
Bekir,1,m,2
Daniela,1,w,2
Benedict,1,m,2
Danielova,1,w,2
Benedikt,1,m,2
Delilah,1,w,2
Berkay,1,m,2
Denise,1,w,2
Bernd,1,m,2
Deniz,1,w,2
Bernhard,1,m,2
Dila,1,w,2
Bo,1,m,2
Dilara,1,w,2
Boikanyo,1,m,2
Dimitrievna,1,w,2
Bosse,1,m,2
Dimitrova,1,w,2
Brahim,1,m,2
Dionysia,1,w,2
Bulut,1,m,2
Dorcas,1,w,2
Burak,1,m,2
Dorothea,1,w,2
Burchin,1,m,2
Edda,1,w,2
Cahid,1,m,2
Edith,1,w,2
Carl,1,m,2
Ege,1,w,2
Carlito,1,m,2
Ekaterine,1,w,2
Carlos,1,m,2
Ela,1,w,2
Carsten,1,m,2
Elea,1,w,2
Chaker,1,m,2
Eleni,1,w,2
Chaminuka,1,m,2
Eliana,1,w,2
Christopher,1,m,2
Elin,1,w,2
Cihan,1,m,2
Elisa,1,w,2
Clemens,1,m,2
Eliza,1,w,2
Conner,1,m,2
Elke,1,w,2
Conrad,1,m,2
Ella,1,w,2
Cooper,1,m,2
Ellen,1,w,2
Dami,1,m,2
Elly,1,w,2
Dante,1,m,2
Elmas,1,w,2
Dara,1,m,2
Else,1,w,2
Darian,1,m,2
Elva,1,w,2
Darius,1,m,2
Elvis,1,w,2
Dariusz,1,m,2
Emiliya,1,w,2
David,1,m,2
Emilova,1,w,2
Dean,1,m,2
Emily,1,w,2
Deniz,1,m,2
Emine,1,w,2
Derviş,1,m,2
Emmi,1,w,2
Devran,1,m,2
Engedi,1,w,2
Dieter,1,m,2
Erdzhin,1,w,2
Dimcho,1,m,2
Esin,1,w,2
Dimitrov,1,m,2
Esma,1,w,2
Diyar,1,m,2
Estera,1,w,2
Dominic,1,m,2
Evelina,1,w,2
Dominik,1,m,2
Eveline,1,w,2
Dzastin,1,m,2
Eylül,1,w,2
Eddie,1,m,2
Fabienne,1,w,2
El-Akber,1,m,2
Fatima,1,w,2
Eliano,1,m,2
Fay,1,w,2
Elim,1,m,2
Fazilet,1,w,2
Emilian,1,m,2
Fee,1,w,2
Erdzhan,1,m,2
Felicia,1,w,2
Erhard,1,m,2
Felicja,1,w,2
Eric,1,m,2
Feline,1,w,2
Ertuğrul,1,m,2
Femke,1,w,2
Etienne,1,m,2
Filippa,1,w,2
Eyüp,1,m,2
Finja,1,w,2
Fabian,1,m,2
Flora,1,w,2
Fabien,1,m,2
Frederike,1,w,2
Faruk,1,m,2
Frieda,1,w,2
Ferdi,1,m,2
Friederike,1,w,2
Ferdinand,1,m,2
Fritzi,1,w,2
Fidan,1,m,2
Georgia,1,w,2
Filip,1,m,2
Geraldine,1,w,2
Finnley,1,m,2
Germaine,1,w,2
Firat,1,m,2
Ghazale,1,w,2
Florian,1,m,2
Gisela,1,w,2
Florin,1,m,2
Grace,1,w,2
Frank,1,m,2
Greta,1,w,2
Franz,1,m,2
Géraldine,1,w,2
Frederik,1,m,2
Gül,1,w,2
Frido,1,m,2
Habet,1,w,2
Fynn,1,m,2
Hadzira,1,w,2
Fynn-Luca,1,m,2
Han,1,w,2
Gabrijel,1,m,2
Hanna,1,w,2
Gerard,1,m,2
Haset,1,w,2
Gerhard,1,m,2
Havin,1,w,2
Gray,1,m,2
Havva,1,w,2
Günter,1,m,2
Hayat,1,w,2
Hadi,1,m,2
Hedi,1,w,2
Hakim,1,m,2
Henriette,1,w,2
Halim,1,m,2
Hermine,1,w,2
Halis,1,m,2
Hila,1,w,2
Hamza,1,m,2
Hnin,1,w,2
Han,1,m,2
Hyuseinova,1,w,2
Hans,1,m,2
Hülya,1,w,2
Hartwig,1,m,2
Hüma,1,w,2
Haydar,1,m,2
Ida,1,w,2
Haye,1,m,2
Ilayda,1,w,2
Hector,1,m,2
İlknur,1,w,2
Heimito,1,m,2
Ilse,1,w,2
Hektor,1,m,2
Imani,1,w,2
Henri,1,m,2
Inga,1,w,2
Henrique,1,m,2
Inge,1,w,2
Henry,1,m,2
Intan,1,w,2
Henryk,1,m,2
Irena,1,w,2
Herbert,1,m,2
Irene,1,w,2
Hermann,1,m,2
Irini,1,w,2
Hinnerk,1,m,2
Irmgard,1,w,2
Hobbes,1,m,2
Isabell,1,w,2
Hossam,1,m,2
Isabella,1,w,2
Hugo,1,m,2
Isabelle,1,w,2
Hunel,1,m,2
Isla,1,w,2
Hussein,1,m,2
Ismailova,1,w,2
Ilay,1,m,2
Ivie,1,w,2
Ilian,1,m,2
Jada,1,w,2
İlyas,1,m,2
Jade,1,w,2
Immanuel,1,m,2
Jane,1,w,2
Isa,1,m,2
Jannah,1,w,2
Jackson,1,m,2
Jasmin,1,w,2
Jakob,1,m,2
Jasmina,1,w,2
Jakub,1,m,2
Jaël,1,w,2
Janek,1,m,2
Jemaika,1,w,2
Janosch,1,m,2
Jessica,1,w,2
Jaroslaw,1,m,2
Jette,1,w,2
Jeremy,1,m,2
Jo,1,w,2
Jerômé,1,m,2
Joann,1,w,2
Joachim,1,m,2
Joanna,1,w,2
Joe,1,m,2
Jolin,1,w,2
Johannes,1,m,2
Jolina,1,w,2
Jona,1,m,2
Joline,1,w,2
Jonah,1,m,2
Jomana,1,w,2
Joshua,1,m,2
Josefa,1,w,2
Josip,1,m,2
Josefine,1,w,2
Joèl,1,m,2
Joyce,1,w,2
Julian,1,m,2
Julia,1,w,2
Julius,1,m,2
Juliana,1,w,2
Juro,1,m,2
Juno,1,w,2
Józef,1,m,2
Karin,1,w,2
Jürgen,1,m,2
Karla,1,w,2
Kalki,1,m,2
Kausar,1,w,2
Kalle,1,m,2
Kiara,1,w,2
Karam,1,m,2
Kimia,1,w,2
Karani,1,m,2
Klara,1,w,2
Kasimir,1,m,2
Kornelia,1,w,2
Kasper,1,m,2
Krasimirova,1,w,2
Keko,1,m,2
Kreszentia,1,w,2
Kenechi,1,m,2
Käthe,1,w,2
Kenji,1,m,2
Lara,1,w,2
Kerem,1,m,2
Larbu,1,w,2
Khalid,1,m,2
Lee,1,w,2
Khizar,1,m,2
Lena,1,w,2
Kimi,1,m,2
Lene,1,w,2
Kiplagat,1,m,2
Leni,1,w,2
Klaas,1,m,2
Leticia,1,w,2
Klaus,1,m,2
Letizia,1,w,2
Kurt,1,m,2
Leyla,1,w,2
Kwame,1,m,2
Liesbeth,1,w,2
Ladislaus,1,m,2
Lilia,1,w,2
Larbi,1,m,2
Linet,1,w,2
Lean,1,m,2
Linnea,1,w,2
Leander,1,m,2
Lisa,1,w,2
Lee,1,m,2
Lisbeth,1,w,2
Leif,1,m,2
Liyah,1,w,2
Lemar,1,m,2
Loui,1,w,2
Leonas,1,m,2
Lovis,1,w,2
Lider,1,m,2
Lucia,1,w,2
Light,1,m,2
Lucie,1,w,2
Lind,1,m,2
Luise-Kleeblatt,1,w,2
Linnaeus,1,m,2
Luz,1,w,2
Lino,1,m,2
Lyubomirova,1,w,2
Lio,1,m,2
Mabinty,1,w,2
Liyan,1,m,2
Madeleine,1,w,2
Llywelyn,1,m,2
Madita,1,w,2
Long,1,m,2
Magda,1,w,2
Loris,1,m,2
Magdalena,1,w,2
Lorov,1,m,2
Maggie,1,w,2
Louis,1,m,2
Maike,1,w,2
Lucas,1,m,2
Malea,1,w,2
Lucien,1,m,2
Malena,1,w,2
Lucky,1,m,2
Malie,1,w,2
Luke,1,m,2
Mango,1,w,2
Lutfi,1,m,2
Manuela,1,w,2
Mahdi,1,m,2
Marcjanna,1,w,2
Mahir,1,m,2
Margot,1,w,2
Mahmoud,1,m,2
Marianne,1,w,2
Mailo,1,m,2
Mariella,1,w,2
Mako,1,m,2
Marielle,1,w,2
Manuel,1,m,2
Marilyn,1,w,2
Marcel,1,m,2
Marina,1,w,2
Maria,1,m,2
Marisa,1,w,2
Marinov,1,m,2
Marisol,1,w,2
Mario,1,m,2
Marit,1,w,2
Markus,1,m,2
Marleen,1,w,2
Marlin,1,m,2
Mary,1,w,2
Marlon,1,m,2
Mathea,1,w,2
Marufovich,1,m,2
Mathilde,1,w,2
Marvel,1,m,2
Matilde,1,w,2
Mathias,1,m,2
Małgorzata,1,w,2
Mathis,1,m,2
Melia,1,w,2
Matias,1,m,2
Melody,1,w,2
Mato,1,m,2
Merira,1,w,2
Mattias,1,m,2
Merle,1,w,2
Mattis,1,m,2
Meyra,1,w,2
Max,1,m,2
Mezhdin,1,w,2
Maximilan,1,m,2
Michelle,1,w,2
Menduh,1,m,2
Mikhailovna,1,w,2
Meral,1,m,2
Mila,1,w,2
Mert,1,m,2
Milica,1,w,2
Michel,1,m,2
Mina,1,w,2
Mika,1,m,2
Minerva,1,w,2
Miran,1,m,2
Mohamad,1,w,2
Miroslavov,1,m,2
Mohammad,1,w,2
Mirsad,1,m,2
Momo,1,w,2
Moise,1,m,2
Mona,1,w,2
Morwan,1,m,2
Mour,1,w,2
Muharrem,1,m,2
Moyinoluwa,1,w,2
Mukhtar,1,m,2
Mélaine,1,w,2
Muradif,1,m,2
Münevver,1,w,2
Murat,1,m,2
Nana,1,w,2
Musa,1,m,2
Natalie,1,w,2
Mustafa,1,m,2
Nayirah,1,w,2
Mykolaevič,1,m,2
Nazar,1,w,2
Mühttin,1,m,2
Necmiye,1,w,2
Nantwi,1,m,2
Nefise,1,w,2
Nash,1,m,2
Nenova,1,w,2
Nathaniel,1,m,2
Nezire,1,w,2
Nedzhatinov,1,m,2
Nicki,1,w,2
Nelson,1,m,2
Nicole,1,w,2
Neo,1,m,2
Nida,1,w,2
Nezhdet,1,m,2
Nikolayeva,1,w,2
Nicholas,1,m,2
Nivin,1,w,2
Nico,1,m,2
Noa,1,w,2
Nidal,1,m,2
Nour,1,w,2
Niels,1,m,2
Nova,1,w,2
Niklas,1,m,2
Nwachinaemere,1,w,2
Niko,1,m,2
Ognyanova,1,w,2
Nikolaev,1,m,2
Olivia,1,w,2
Noel,1,m,2
Oliwia,1,w,2
Nolan,1,m,2
Oluwapelumi,1,w,2
Noé,1,m,2
Orchel,1,w,2
Nuri,1,m,2
Osinachi,1,w,2
Nwaoha,1,m,2
Padme,1,w,2
Oguzhan,1,m,2
Paola,1,w,2
Oliver,1,m,2
Paulina,1,w,2
Olof,1,m,2
Paz,1,w,2
Olufemi,1,m,2
Peaches,1,w,2
Omar,1,m,2
Peppa,1,w,2
Oscar,1,m,2
Piya,1,w,2
Otto,1,m,2
Pop,1,w,2
Oğuz,1,m,2
Priya,1,w,2
Pauli,1,m,2
Rae,1,w,2
Pekko,1,m,2
Rahela,1,w,2
Pepe,1,m,2
Rakesh,1,w,2
Pete,1,m,2
Rebecca,1,w,2
Phi,1,m,2
Regine,1,w,2
Philipp,1,m,2
Renata,1,w,2
Phillipp,1,m,2
Reyyan,1,w,2
Pierre,1,m,2
Riley,1,w,2
Pollux,1,m,2
Ritha,1,w,2
Quirin,1,m,2
Roja,1,w,2
Rafael,1,m,2
Rosalie,1,w,2
Rahman,1,m,2
Rosemarie,1,w,2
Ramazanovič,1,m,2
Rosemary,1,w,2
Raven,1,m,2
Roswitha,1,w,2
Razvan,1,m,2
Rosè,1,w,2
Remus,1,m,2
Roşna,1,w,2
René,1,m,2
Rumiko,1,w,2
Rida,1,m,2
Runa,1,w,2
Rifet,1,m,2
Ruth,1,w,2
Riyaz,1,m,2
Sabine,1,w,2
Rocko,1,m,2
Sadat,1,w,2
Rohan,1,m,2
Salomea,1,w,2
Roland,1,m,2
Samanta,1,w,2
Rowan,1,m,2
Samantha,1,w,2
Rudolf,1,m,2
Sara,1,w,2
Ryan,1,m,2
Savitri,1,w,2
Ryszard,1,m,2
Scarlett,1,w,2
Rüzgar,1,m,2
Sebaydin,1,w,2
Sadi,1,m,2
Sefora,1,w,2
Said,1,m,2
Seher,1,w,2
Saied,1,m,2
Selda,1,w,2
Salamon,1,m,2
Sephora,1,w,2
Salomo,1,m,2
Sevdalinova,1,w,2
Samet,1,m,2
Sevgi,1,w,2
Sami,1,m,2
Shehrazad,1,w,2
Sammy,1,m,2
Sherin,1,w,2
Samur,1,m,2
Sibyll,1,w,2
Santiago,1,m,2
Sidra,1,w,2
Santino,1,m,2
Silvia,1,w,2
Sascha,1,m,2
Sokeng,1,w,2
Savaş,1,m,2
Soleiń,1,w,2
Sayf,1,m,2
Solveig,1,w,2
Sebastian,1,m,2
Songül,1,w,2
Sekani,1,m,2
Stella,1,w,2
Sepp,1,m,2
Sue,1,w,2
Sergey,1,m,2
Sultan,1,w,2
Sezerov,1,m,2
Sylvana,1,w,2
Shahin,1,m,2
Synnøve,1,w,2
Shane,1,m,2
Talvi,1,w,2
Shinji,1,m,2
Tamina,1,w,2
Sila,1,m,2
Temilade,1,w,2
Silas,1,m,2
Temitade,1,w,2
Silviyov,1,m,2
Thandiwe,1,w,2
Simeon,1,m,2
Thora,1,w,2
Simeonov,1,m,2
Tianna,1,w,2
Sirius,1,m,2
Tiia,1,w,2
Skylar,1,m,2
Tomris,1,w,2
Stoyanov,1,m,2
Topeca,1,w,2
Stoychev,1,m,2
Uma,1,w,2
Sunay,1,m,2
Valea,1,w,2
Sören,1,m,2
Valentina,1,w,2
Süleyman,1,m,2
Valentinova,1,w,2
Tamer,1,m,2
Vanessa,1,w,2
Taqi,1,m,2
Vera,1,w,2
Tarik,1,m,2
Verena,1,w,2
Taylor,1,m,2
Veronika,1,w,2
Tayyip,1,m,2
Veselinova,1,w,2
Teiresias,1,m,2
Viktorieva,1,w,2
Teodorov,1,m,2
Vy,1,w,2
Thido,1,m,2
Yade,1,w,2
Thomas,1,m,2
Yağmur,1,w,2
Thomas-Dieter,1,m,2
Ylvie,1,w,2
Timson,1,m,2
Zahra,1,w,2
Torben,1,m,2
Zahraa,1,w,2
Torsten,1,m,2
Zarina,1,w,2
Turay,1,m,2
Zazou,1,w,2
Ulrich,1,m,2
Zehra,1,w,2
Umar,1,m,2
Zelimkhanova,1,w,2
Ur,1,m,2
Zenaida,1,w,2
Uraz,1,m,2
Zoey,1,w,2
Vakkas,1,m,2
Zofia,1,w,2
Vasilev,1,m,2
Zoé,1,w,2
Vatan,1,m,2
Zurabovna,1,w,2
Viacheslavič,1,m,2
Viete,1,m,2
Vincenzo,1,m,2
Vito,1,m,2
Wassim,1,m,2
Werner,1,m,2
Wilhelm,1,m,2
William,1,m,2
Yahya,1,m,2
Yaman,1,m,2
Yanis,1,m,2
Yaron,1,m,2
Yasin,1,m,2
Yassin,1,m,2
Yiğit,1,m,2
Younes,1,m,2
Yousef,1,m,2
Youssef,1,m,2
Yves,1,m,2
Zacharias,1,m,2
Zakaria,1,m,2
Zaviyar,1,m,2
Zhana,1,m,2
Ziya,1,m,2
Zuri,1,m,2
Çinar,1,m,2
Ömer,1,m,2
Łukasz,1,m,2
Šimun,1,m,2
Aariyana,1,w,1
Abbigail,1,w,1
Abir,1,w,1
Acelya,1,w,1
Ada,1,w,1
Adele,1,w,1
Adnan,1,w,1
Adriana,1,w,1
Adrianna,1,w,1
Adrienne,1,w,1
Agata,1,w,1
Aiana,1,w,1
Aicha,1,w,1
Aidana,1,w,1
Aina,1,w,1
Aissa,1,w,1
Aişe,1,w,1
Ajna,1,w,1
Abbas,1,m,1
Alaa,1,w,1
Abbass,1,m,1
Alani,1,w,1
Abdallah,1,m,1
Alara,1,w,1
Abdel,1,m,1
Aleen,1,w,1
Abdoullah,1,m,1
Alenia,1,w,1
Abdulaziz,1,m,1
Alesha,1,w,1
Abou,1,m,1
Aleynanur-Zeynep,1,w,1
Abubakir,1,m,1
Alicia,1,w,1
Adel,1,m,1
Alisa,1,w,1
Adem,1,m,1
Aliyah,1,w,1
Adian,1,m,1
Alya,1,w,1
Adil,1,m,1
Alyanur,1,w,1
Adnan,1,m,1
Alysha,1,w,1
Adonis,1,m,1
Amadea,1,w,1
Adriano,1,m,1
Amali,1,w,1
Adriel,1,m,1
Amanda,1,w,1
Agon,1,m,1
Amani,1,w,1
Agyad,1,m,1
Ambla,1,w,1
Ahmed,1,m,1
Ami,1,w,1
Akay,1,m,1
Amila,1,w,1
Akeem,1,m,1
Amina,1,w,1
Alan,1,m,1
Ammelie,1,w,1
Aled,1,m,1
Amna,1,w,1
Alek,1,m,1
Amra,1,w,1
Aleks,1,m,1
Amélie,1,w,1
Aleksandar,1,m,1
Anaice,1,w,1
Alend,1,m,1
Anaïs,1,w,1
Alexandros,1,m,1
Andrea,1,w,1
Alexandru,1,m,1
Angela,1,w,1
Alexis,1,m,1
Angi,1,w,1
Aliano,1,m,1
Anike,1,w,1
Alican,1,m,1
Aniko,1,w,1
Alim,1,m,1
Anila,1,w,1
Almedin,1,m,1
Ann-Kathrin,1,w,1
Alparslan,1,m,1
Annelie,1,w,1
Alvar,1,m,1
Anni,1,w,1
Amer,1,m,1
Any,1,w,1
Amjed,1,m,1
Anysa,1,w,1
Ammar,1,m,1
Aria,1,w,1
Amos,1,m,1
Arina,1,w,1
Anas,1,m,1
Arinese,1,w,1
Anelio,1,m,1
Arwa,1,w,1
Aniel,1,m,1
Arzu,1,w,1
Anis,1,m,1
Asel,1,w,1
Ansgar,1,m,1
Aselya,1,w,1
Antoni,1,m,1
Asja,1,w,1
Antonio,1,m,1
Aslı,1,w,1
Antun,1,m,1
Asra,1,w,1
Anuel,1,m,1
Assetou,1,w,1
Anwar,1,m,1
Assyah,1,w,1
Arda,1,m,1
Asya-Züleyha,1,w,1
Arian,1,m,1
Asyah,1,w,1
Arion,1,m,1
Audrey,1,w,1
Arjun,1,m,1
Auguste,1,w,1
Armaan,1,m,1
Aurora,1,w,1
Arne,1,m,1
Avesta,1,w,1
Arno,1,m,1
Avşin,1,w,1
Aro,1,m,1
Ayah,1,w,1
Artur,1,m,1
Ayliaa-Sophie,1,w,1
Asaf,1,m,1
Aylina,1,w,1
Atakan,1,m,1
Aynur,1,w,1
Augustin,1,m,1
Aysu,1,w,1
Avan,1,m,1
Ayça,1,w,1
Ayan,1,m,1
Açelya,1,w,1
Ayman,1,m,1
Bade,1,w,1
Ayzun,1,m,1
Basima,1,w,1
Basil,1,m,1
Bayan,1,w,1
Batu,1,m,1
Begonya,1,w,1
Batuhan,1,m,1
Begüm,1,w,1
Bebi,1,m,1
Belkisa,1,w,1
Bedirhan,1,m,1
Bella,1,w,1
Beene,1,m,1
Berivan,1,w,1
Bekir,1,m,1
Berrin,1,w,1
Ben-Joel,1,m,1
Betiel,1,w,1
Ben-Lian,1,m,1
Betty-Lou,1,w,1
Ben-Louis,1,m,1
Bianca,1,w,1
Beniamin,1,m,1
Bissan,1,w,1
Benned,1,m,1
Bouchra,1,w,1
Beran,1,m,1
Briana,1,w,1
Berkan,1,m,1
Brooke,1,w,1
Berkay,1,m,1
Bushra,1,w,1
Berke,1,m,1
Cansu,1,w,1
Borhan,1,m,1
Carla,1,w,1
Bram,1,m,1
Carolina,1,w,1
Bućo-David,1,m,1
Catalina,1,w,1
Calle,1,m,1
Celia,1,w,1
Can,1,m,1
Cemre,1,w,1
Carlito,1,m,1
Cerys,1,w,1
Carlo-Bobi,1,m,1
Charlene,1,w,1
Cayden,1,m,1
Chiara,1,w,1
Cedric,1,m,1
Chioma,1,w,1
Cedrick,1,m,1
Chloey-Sophie,1,w,1
Cemil,1,m,1
Chloé,1,w,1
Cemçayan,1,m,1
Cila,1,w,1
Cengiz,1,m,1
Cloudeen,1,w,1
Cesurhan,1,m,1
Colette,1,w,1
Chernoh,1,m,1
Cornell,1,w,1
Chi-Sinh,1,m,1
Cristina-Antonia,1,w,1
Christos,1,m,1
Céline,1,w,1
Cihat,1,m,1
Dalyah,1,w,1
Ciro-Angelo,1,m,1
Danaja,1,w,1
Ciwancan,1,m,1
Daphne,1,w,1
Collin,1,m,1
Darin,1,w,1
Constantin-Adrian,1,m,1
Darla,1,w,1
Cruz,1,m,1
Darya,1,w,1
César,1,m,1
Deborah,1,w,1
Dalil,1,m,1
Defne,1,w,1
Damir,1,m,1
Delal,1,w,1
Dan,1,m,1
Demet,1,w,1
Danny,1,m,1
Derin,1,w,1
Danyel,1,m,1
Despina,1,w,1
Daors,1,m,1
Dilan,1,w,1
Daoud,1,m,1
Dilara,1,w,1
Darian,1,m,1
Dima,1,w,1
Dario,1,m,1
Dina,1,w,1
Darius,1,m,1
Djannah,1,w,1
Darjon,1,m,1
Dolunay,1,w,1
Daron,1,m,1
Dorela,1,w,1
Darwyn,1,m,1
Dua,1,w,1
Daryan,1,m,1
Duâ,1,w,1
Delal,1,m,1
Ece-Su,1,w,1
Delijan,1,m,1
Ecren,1,w,1
Delshad,1,m,1
Eda,1,w,1
Demiran,1,m,1
Edita,1,w,1
Denis,1,m,1
Edith,1,w,1
Dennis,1,m,1
Elaine,1,w,1
Destan,1,m,1
Elda,1,w,1
Deven,1,m,1
Elea,1,w,1
Devin,1,m,1
Eleana,1,w,1
Devran,1,m,1
Elianna,1,w,1
Devrim,1,m,1
Elien,1,w,1
Diar,1,m,1
Elijana,1,w,1
Diego,1,m,1
Eline,1,w,1
Dilber,1,m,1
Elinor,1,w,1
Dilxaz,1,m,1
Elisabeth,1,w,1
Djan,1,m,1
Elisaveta,1,w,1
Dominic,1,m,1
Elisia,1,w,1
Dominik,1,m,1
Eliyana,1,w,1
Donik,1,m,1
Eliz,1,w,1
Doruk,1,m,1
Eliza,1,w,1
Dragos,1,m,1
Ellie,1,w,1
Dries,1,m,1
Ellien,1,w,1
Dwayne,1,m,1
Elsa,1,w,1
Ebraam,1,m,1
Elvan,1,w,1
Ebubechukwu,1,m,1
Elçin,1,w,1
Ediz,1,m,1
Emilija,1,w,1
Eerik,1,m,1
Emina,1,w,1
Efe,1,m,1
Emine,1,w,1
Ekrem,1,m,1
Emra,1,w,1
Eldin,1,m,1
Enisa,1,w,1
Elian-Noah,1,m,1
Enni,1,w,1
Elican,1,m,1
Era,1,w,1
Elijah,1,m,1
Erika,1,w,1
Elikia,1,m,1
Erna,1,w,1
Eliyas,1,m,1
Erzana,1,w,1
Elián,1,m,1
Esilya,1,w,1
Eloghosa,1,m,1
Eslem,1,w,1
Elouan,1,m,1
Estelle,1,w,1
Emad,1,m,1
Evaluna,1,w,1
Emanuel,1,m,1
Evelina,1,w,1
Enhar,1,m,1
Evi,1,w,1
Enjo,1,m,1
Evina,1,w,1
Enno,1,m,1
Ezgi,1,w,1
Enrique,1,m,1
Fadia,1,w,1
Enver,1,m,1
Farizah,1,w,1
Eray,1,m,1
Felia,1,w,1
Eremia,1,m,1
Ferah,1,w,1
Eren,1,m,1
Filiz,1,w,1
Eren-Ali,1,m,1
Fine,1,w,1
Erfan,1,m,1
Finja,1,w,1
Eric,1,m,1
Flora,1,w,1
Erlind,1,m,1
Flora-Marie,1,w,1
Ersan,1,m,1
Florentine,1,w,1
Ersay,1,m,1
Franceska,1,w,1
Ertugrul,1,m,1
Freya,1,w,1
Ertuğrul,1,m,1
Fritzi,1,w,1
Ervin,1,m,1
Félice,1,w,1
Ethan,1,m,1
Galja,1,w,1
Etnik,1,m,1
Gamze,1,w,1
Evan,1,m,1
Genar,1,w,1
Ezel,1,m,1
Georgia,1,w,1
Ezra,1,m,1
Gesa,1,w,1
Fabio,1,m,1
Ghazal,1,w,1
Felicio,1,m,1
Grace,1,w,1
Ferdinand,1,m,1
Gözde,1,w,1
Ferdous,1,m,1
Gül,1,w,1
Ferhat,1,m,1
Gülnaz,1,w,1
Fiete,1,m,1
Ha,1,w,1
Finian,1,m,1
Hadassa,1,w,1
Finnik,1,m,1
Hafsa,1,w,1
Finnley,1,m,1
Hailey,1,w,1
Firat,1,m,1
Haily,1,w,1
Fjalar,1,m,1
Halise,1,w,1
Florian,1,m,1
Halla,1,w,1
Francesco,1,m,1
Hana,1,w,1
Frank,1,m,1
Hanan,1,w,1
Fred,1,m,1
Hanife,1,w,1
Friedrich,1,m,1
Hanim,1,w,1
Furkan,1,m,1
Hareem,1,w,1
Georges,1,m,1
Harley,1,w,1
Gerard-Ieremia,1,m,1
Hatice,1,w,1
Geronimo,1,m,1
Havin,1,w,1
Gerrit,1,m,1
Hawa,1,w,1
Ghazi,1,m,1
Hawaa,1,w,1
Ghedeon,1,m,1
Hawraa,1,w,1
Giosuè,1,m,1
Hayal,1,w,1
Gregor,1,m,1
Hayat,1,w,1
Görkem,1,m,1
Heda,1,w,1
Güney,1,m,1
Helene,1,w,1
Gürhan,1,m,1
Hella,1,w,1
Hanif,1,m,1
Henriette,1,w,1
Hannes,1,m,1
Hiba,1,w,1
Hanno,1,m,1
Hifa,1,w,1
Harry,1,m,1
Hilal,1,w,1
Harun,1,m,1
Hira-Naime,1,w,1
Hasan,1,m,1
Hiranur,1,w,1
Haydar,1,m,1
Hope,1,w,1
Hazar,1,m,1
Hosanna,1,w,1
Hector,1,m,1
Huda,1,w,1
Heinrich,1,m,1
Hurriya,1,w,1
Henk,1,m,1
Hüma-Ayşe,1,w,1
Heria,1,m,1
Hümaşah,1,w,1
Hermann,1,m,1
İkra,1,w,1
Hiroki,1,m,1
Ikra-Asel,1,w,1
Hussam,1,m,1
Ilenay,1,w,1
Hussein-Jamal,1,m,1
Iliana,1,w,1
Ianis,1,m,1
İlke,1,w,1
Ibad,1,m,1
Iman,1,w,1
Ibryam,1,m,1
Ina,1,w,1
Ijad,1,m,1
Inara,1,w,1
Ilijas,1,m,1
Inci-Su,1,w,1
İlyas,1,m,1
Inees,1,w,1
Imran,1,m,1
Inesa,1,w,1
Iosif-Neemia,1,m,1
Ino,1,w,1
Iosua,1,m,1
Insaf,1,w,1
İskender,1,m,1
Ireayo,1,w,1
Ismail,1,m,1
Irem,1,w,1
Ivano,1,m,1
Iris,1,w,1
Iwan,1,m,1
Isa,1,w,1
Jace,1,m,1
Isabel,1,w,1
Jacuib,1,m,1
Isabell,1,w,1
Jakoub,1,m,1
Isabelle,1,w,1
Jalil,1,m,1
Isalie,1,w,1
James,1,m,1
Isha,1,w,1
Jamil,1,m,1
Issraa,1,w,1
Jannick,1,m,1
Ivana,1,w,1
Janosch,1,m,1
Ivy,1,w,1
Jari,1,m,1
Izabela,1,w,1
Jaro,1,m,1
Izabella,1,w,1
Jasha,1,m,1
Izdihar,1,w,1
Jason,1,m,1
Janice,1,w,1
Jawad,1,m,1
Janna,1,w,1
Jed,1,m,1
Jannah,1,w,1
Jeremy,1,m,1
Jayda,1,w,1
Jesse,1,m,1
Jeanne,1,w,1
Joan,1,m,1
Jella,1,w,1
Johannes,1,m,1
Jellena,1,w,1
Jonathas,1,m,1
Jennifer,1,w,1
Jonke,1,m,1
Jessica,1,w,1
Jonte,1,m,1
Jinan,1,w,1
Joscha,1,m,1
Joana,1,w,1
Josep,1,m,1
Jody,1,w,1
José-Carlos,1,m,1
Joena,1,w,1
Joud,1,m,1
Jolanda,1,w,1
Joél,1,m,1
Joleen,1,w,1
Jujhar,1,m,1
Joleen-Elaine,1,w,1
Julio,1,m,1
Jolene-Marie,1,w,1
Junis,1,m,1
Jolie,1,w,1
Justin,1,m,1
Jolin-Ella,1,w,1
Jusuf,1,m,1
Jolina,1,w,1
János,1,m,1
Jolyn,1,w,1
Kadir,1,m,1
Josefine-Elisa,1,w,1
Kahed,1,m,1
Josy,1,w,1
Kahled,1,m,1
Joudy,1,w,1
Kai,1,m,1
Jouri,1,w,1
Kais,1,m,1
Joury,1,w,1
Kalle,1,m,1
Joyce,1,w,1
Karen,1,m,1
Juli,1,w,1
Karlos,1,m,1
Julie,1,w,1
Karol,1,m,1
Kaia,1,w,1
Kasper,1,m,1
Kaja,1,w,1
Kayra,1,m,1
Kalea,1,w,1
Kerim,1,m,1
Kalina,1,w,1
Keylan,1,m,1
Kamar,1,w,1
Khatib,1,m,1
Kandila,1,w,1
Khir,1,m,1
Karin,1,w,1
Kiam,1,m,1
Kate,1,w,1
Kian,1,m,1
Katerina,1,w,1
Kimi,1,m,1
Katharina,1,w,1
Kıvanç,1,m,1
Kayra,1,w,1
Kurt,1,m,1
Kenaya,1,w,1
Kürşad,1,m,1
Keyla,1,w,1
Lais,1,m,1
Khadije,1,w,1
Laurenz,1,m,1
Khalisah,1,w,1
Laurin,1,m,1
Kimberly,1,w,1
Lavi,1,m,1
Kinza,1,w,1
Lavy,1,m,1
Kira,1,w,1
Lawand,1,m,1
Koya,1,w,1
Layan,1,m,1
Kristina,1,w,1
Lazar,1,m,1
Kujtesa,1,w,1
Leart,1,m,1
Kyara,1,w,1
Ledion,1,m,1
Kyriaki-Kalliopi,1,w,1
Len,1,m,1
Kübra,1,w,1
Lennox,1,m,1
Lady,1,w,1
Lennox-Owen,1,m,1
Lamar,1,w,1
Lenz,1,m,1
Lamies,1,w,1
Leonardo,1,m,1
Lamis,1,w,1
Leonidas,1,m,1
Lania,1,w,1
Leonis,1,m,1
Larin,1,w,1
Lev,1,m,1
Laurie,1,w,1
Leve,1,m,1
Laurina,1,w,1
Levente,1,m,1
Lavǐn,1,w,1
Levio,1,m,1
Layla,1,w,1
Levy,1,m,1
Lea-Rey,1,w,1
Lewi,1,m,1
Lea-Sophie,1,w,1
Liam-Milano,1,m,1
Leah,1,w,1
Lias,1,m,1
Leana,1,w,1
Linus-Loyd,1,m,1
Leandra,1,w,1
Lio-Noël,1,m,1
Leen,1,w,1
Lionas,1,m,1
Leia,1,w,1
Lionel,1,m,1
Leian,1,w,1
Loar,1,m,1
Leilah,1,w,1
Loki,1,m,1
Lenia,1,w,1
Lonnie,1,m,1
Leona,1,w,1
Lord,1,m,1
Leonie-Franziska,1,w,1
Lorenz,1,m,1
Leticia,1,w,1
Lorian,1,m,1
Leyna,1,w,1
Loris,1,m,1
Liah-Lore,1,w,1
Louis-Valentin,1,m,1
Liana,1,w,1
Lovis,1,m,1
Liara,1,w,1
Luca-Elia,1,m,1
Liel,1,w,1
Ludwig,1,m,1
Lieselotte,1,w,1
Luigi,1,m,1
Lilian,1,w,1
Luka,1,m,1
Liliana,1,w,1
Lukas-Jermain,1,m,1
Lilith,1,w,1
Luke,1,m,1
Liliána,1,w,1
Luís,1,m,1
Liljana,1,w,1
Maddox,1,m,1
Lille,1,w,1
Maher,1,m,1
Lilya,1,w,1
Mahir-Efe,1,m,1
Limar,1,w,1
Mahmoud,1,m,1
Linea,1,w,1
Mahmud,1,m,1
Linn,1,w,1
Maisam,1,m,1
Lisbeth,1,w,1
Majd,1,m,1
Livia,1,w,1
Majed,1,m,1
Liyana,1,w,1
Maksim,1,m,1
Liyanna,1,w,1
Maksymilian,1,m,1
Lonia,1,w,1
Malte,1,m,1
Loreen,1,w,1
Manase,1,m,1
Lotte,1,w,1
Manolo,1,m,1
Love,1,w,1
Marc,1,m,1
Lowise,1,w,1
Marcello,1,m,1
Loïse,1,w,1
Mario,1,m,1
Luca,1,w,1
Marius,1,m,1
Lucie,1,w,1
Marku,1,m,1
Luena,1,w,1
Markus,1,m,1
Luiza,1,w,1
Marley,1,m,1
Lujain,1,w,1
Marlin,1,m,1
Luz,1,w,1
Marlon,1,m,1
Luzie,1,w,1
Marvin,1,m,1
Lycienne,1,w,1
Matas,1,m,1
Lydia,1,w,1
Matei,1,m,1
Lyia,1,w,1
Matei-Iosif,1,m,1
Léa,1,w,1
Mathew,1,m,1
Lönna,1,w,1
Matti,1,m,1
Lütfiye,1,w,1
Maurice,1,m,1
Lýdie,1,w,1
Maximillian,1,m,1
Madina,1,w,1
Mecit,1,m,1
Madison,1,w,1
Mehdi,1,m,1
Madlen,1,w,1
Mehmed,1,m,1
Maemo,1,w,1
Mehmet,1,m,1
Magalie,1,w,1
Melih,1,m,1
Maha,1,w,1
Mertcan,1,m,1
Mahana,1,w,1
Mervin,1,m,1
Mahdis,1,w,1
Metin,1,m,1
Mahirah,1,w,1
Mevlüt,1,m,1
Maia,1,w,1
Michael,1,m,1
Maila,1,w,1
Michele,1,m,1
Majd,1,w,1
Mick,1,m,1
Majlinda,1,w,1
Mihajlo,1,m,1
Mala,1,w,1
Mikael,1,m,1
Malou,1,w,1
Mikołai,1,m,1
Mandy,1,w,1
Milad,1,m,1
Margarete,1,w,1
Milan-Joel,1,m,1
Mariana,1,w,1
Milano,1,m,1
Marianela,1,w,1
Milos,1,m,1
Marianne,1,w,1
Min-ho,1,m,1
Marie-Julie,1,w,1
Miraç,1,m,1
Mariella,1,w,1
Mirnes,1,m,1
Marilou,1,w,1
Mishel,1,m,1
Marina,1,w,1
Mitch,1,m,1
Mariya,1,w,1
Mohamed-Ali,1,m,1
Marleen,1,w,1
Mohammadseid,1,m,1
Marlena,1,w,1
Morad,1,m,1
Marta,1,w,1
Morton,1,m,1
Martina,1,w,1
Moussa,1,m,1
Marya,1,w,1
Mubarak,1,m,1
Maryana,1,w,1
Muhamed,1,m,1
Mathilde,1,w,1
Munez,1,m,1
Maxine,1,w,1
Murad,1,m,1
Medea,1,w,1
Musa-Mirac,1,m,1
Meike,1,w,1
Naeem,1,m,1
Melda,1,w,1
Nasri,1,m,1
Meliha,1,w,1
Nasser,1,m,1
Melisa,1,w,1
Nassim,1,m,1
Melissa,1,w,1
Natan,1,m,1
Melissa-Dua,1,w,1
Nathaniel,1,m,1
Melody,1,w,1
Navid,1,m,1
Memory,1,w,1
Necati-Ömer,1,m,1
Menessa,1,w,1
Neemia,1,m,1
Mercedes,1,w,1
Nelio,1,m,1
Merve,1,w,1
Neo,1,m,1
Meryem-Şirin,1,w,1
Nevio,1,m,1
Meta,1,w,1
Nicklas,1,m,1
Michelle,1,w,1
Nico,1,m,1
Mila-Mijou,1,w,1
Nikolay,1,m,1
Miley,1,w,1
Nino,1,m,1
Milia,1,w,1
Niro,1,m,1
Milla,1,w,1
Niyazi,1,m,1
Millie,1,w,1
Noam,1,m,1
Milou,1,w,1
Noel-Nico,1,m,1
Mimi,1,w,1
Nolan,1,m,1
Minay,1,w,1
Noyan,1,m,1
Minna,1,w,1
Nuri,1,m,1
Mirela,1,w,1
Obay,1,m,1
Mirna,1,w,1
Okan,1,m,1
Moja,1,w,1
Oleksandr,1,m,1
Mona,1,w,1
Oliver,1,m,1
Mosimiloluwa,1,w,1
Omran,1,m,1
Nadia,1,w,1
Onoara,1,m,1
Nadin,1,w,1
Onur,1,m,1
Nadira,1,w,1
Otto,1,m,1
Naila,1,w,1
Oussama,1,m,1
Najat,1,w,1
Paavo,1,m,1
Nalia,1,w,1
Pablo,1,m,1
Nancy,1,w,1
Pan,1,m,1
Nani,1,w,1
Paolo,1,m,1
Naomi,1,w,1
Pascal,1,m,1
Natalia,1,w,1
Peter,1,m,1
Nato,1,w,1
Phil,1,m,1
Nay,1,w,1
Philias,1,m,1
Nayeli,1,w,1
Philip,1,m,1
Nayla,1,w,1
Pierre,1,m,1
Nazanin,1,w,1
Prince,1,m,1
Neea,1,w,1
Quin,1,m,1
Nefes,1,w,1
Qusay,1,m,1
Nefes-Ada,1,w,1
Rachid,1,m,1
Nehir,1,w,1
Raie,1,m,1
Nehir-Ada,1,w,1
Rakan,1,m,1
Nelia,1,w,1
Ramir,1,m,1
Nelly,1,w,1
Ramiz,1,m,1
Nermin,1,w,1
Redwan,1,m,1
Nevin,1,w,1
Rezan,1,m,1
Nia,1,w,1
Ricardo,1,m,1
Nicole,1,w,1
Rishi,1,m,1
Nihan,1,w,1
Rizan,1,m,1
Nilay,1,w,1
Rizwan,1,m,1
Niv,1,w,1
Robert,1,m,1
Noela,1,w,1
Robin,1,m,1
Nola,1,w,1
Rubin,1,m,1
Nomi,1,w,1
Rumo,1,m,1
Norela,1,w,1
Rêzan,1,m,1
Noura,1,w,1
Saad,1,m,1
Novalee,1,w,1
Sadek,1,m,1
Noémi,1,w,1
Salem,1,m,1
Nura,1,w,1
Samet,1,m,1
Nuran,1,w,1
Sami,1,m,1
Nurcan,1,w,1
Samih,1,m,1
Nursultan,1,w,1
Samir,1,m,1
Ofronelle,1,w,1
Santino,1,m,1
Ohna,1,w,1
Sarp,1,m,1
Ola,1,w,1
Sarwan,1,m,1
Olina,1,w,1
Sayed,1,m,1
Oluwashindara,1,w,1
Sedan,1,m,1
Ona,1,w,1
Sejdi,1,m,1
Oona,1,w,1
Selim,1,m,1
Oya-Nur,1,w,1
Selman,1,m,1
Paisley,1,w,1
Seruan,1,m,1
Palina,1,w,1
Shaban,1,m,1
Pamela,1,w,1
Shafik,1,m,1
Philine,1,w,1
Shahan,1,m,1
Phylicia,1,w,1
Siam,1,m,1
Pia-Joleen,1,w,1
Sinan,1,m,1
Pia-Sophie,1,w,1
Sıraç,1,m,1
Polina,1,w,1
Solal,1,m,1
Precious,1,w,1
Somnang,1,m,1
Preet,1,w,1
Sorento,1,m,1
Quinn,1,w,1
Sorin,1,m,1
Rahela,1,w,1
Stan,1,m,1
Raja,1,w,1
Stanislaus,1,m,1
Rana,1,w,1
Steffen,1,m,1
Rania,1,w,1
Steve,1,m,1
Ranim,1,w,1
Suhail,1,m,1
Rawan,1,w,1
Sulaiman,1,m,1
Rayan,1,w,1
Suleyman,1,m,1
Razan,1,w,1
Synar,1,m,1
Rea,1,w,1
Szymon,1,m,1
Rebeca,1,w,1
Taavi,1,m,1
Rebekka,1,w,1
Tahir,1,m,1
Reem,1,w,1
Taim,1,m,1
Reka,1,w,1
Taish,1,m,1
Riehana,1,w,1
Taiyo,1,m,1
Rieke,1,w,1
Tamino,1,m,1
Riem,1,w,1
Tammo,1,m,1
Rima,1,w,1
Taner,1,m,1
Rital,1,w,1
Tarık,1,m,1
Rojin,1,w,1
Taro,1,m,1
Romy,1,w,1
Teim,1,m,1
Ruby,1,w,1
Tengis,1,m,1
Rukaya,1,w,1
Teodor,1,m,1
Rumman,1,w,1
Thanushan,1,m,1
Runa,1,w,1
Theodore,1,m,1
Rushdia,1,w,1
Thiago,1,m,1
Sabrin,1,w,1
Thies,1,m,1
Safa,1,w,1
Thilo,1,m,1
Saina,1,w,1
Thore,1,m,1
Saja,1,w,1
Tieu,1,m,1
Salma,1,w,1
Tijan,1,m,1
Samah,1,w,1
Tim,1,m,1
Samar,1,w,1
Timm,1,m,1
Samira,1,w,1
Timotei,1,m,1
Samiya,1,w,1
Timothy,1,m,1
Sanaa,1,w,1
Tino,1,m,1
Sandra,1,w,1
Todor,1,m,1
Sarina,1,w,1
Tommi,1,m,1
Sawsan,1,w,1
Tuan,1,m,1
Scarlett,1,w,1
Tyson,1,m,1
Schahd,1,w,1
Ugochukwu,1,m,1
Scheima,1,w,1
Umut,1,m,1
Seerat,1,w,1
Valentin,1,m,1
Sefora,1,w,1
Viggo,1,m,1
Selen,1,w,1
Vladimir,1,m,1
Selva,1,w,1
Wael,1,m,1
Sema,1,w,1
Wasim,1,m,1
Semanur,1,w,1
Wido,1,m,1
Seray,1,w,1
Wilco,1,m,1
Sevilay,1,w,1
Wilhelm,1,m,1
Seyide,1,w,1
Xaver,1,m,1
Shadia,1,w,1
Yacoub,1,m,1
Shahd,1,w,1
Yago,1,m,1
Shanty,1,w,1
Yakub,1,m,1
Sheymaa,1,w,1
Yakup,1,m,1
Shi-Ae,1,w,1
Yamaç,1,m,1
Siara,1,w,1
Yamen,1,m,1
Sıdıka,1,w,1
Yann,1,m,1
Sidra,1,w,1
Yaseen,1,m,1
Siliana,1,w,1
Yasir,1,m,1
Sima,1,w,1
Yavuz,1,m,1
Sina,1,w,1
Yağız,1,m,1
Sisilia,1,w,1
Yiğithan,1,m,1
Smilla,1,w,1
Yordan,1,m,1
Snezana,1,w,1
Yousef,1,m,1
Sofie,1,w,1
Yousuf,1,m,1
Sofiia,1,w,1
Yunis,1,m,1
Sofija,1,w,1
Yussef,1,m,1
Sokaina,1,w,1
Zaher,1,m,1
Songül,1,w,1
Zain,1,m,1
Soraya,1,w,1
Zakaria,1,m,1
Subeida,1,w,1
Zakariya,1,m,1
Suena,1,w,1
Zakariyya,1,m,1
Sunny,1,w,1
Zayd,1,m,1
Suri,1,w,1
Zekerijah,1,m,1
Susan,1,w,1
Zhi-Kai,1,m,1
Suzana,1,w,1
Zoran,1,m,1
Suzanne,1,w,1
Zouhair,1,m,1
Syham,1,w,1
Çayan,1,m,1
Sysilia,1,w,1
Çağhan-Eray,1,m,1
Sümeyra,1,w,1
Çinar,1,m,1
Sümeyye,1,w,1
Émile,1,m,1
Talea,1,w,1
Öykü,1,m,1
Talia,1,w,1
Özgür,1,m,1
Talien,1,w,1
Übeyd,1,m,1
Talya,1,w,1
Tamia,1,w,1
Tammy,1,w,1
Tara,1,w,1
Tarah,1,w,1
Teelia,1,w,1
Teodora,1,w,1
Teresa,1,w,1
Tessa,1,w,1
Thara,1,w,1
Thekla,1,w,1
Theresa,1,w,1
Tiana,1,w,1
Tiffany,1,w,1
Tina,1,w,1
Toni,1,w,1
Tulin,1,w,1
Tuğçe,1,w,1
Uma,1,w,1
Vaiana,1,w,1
Valentina,1,w,1
Valeria,1,w,1
Valerya,1,w,1
Valérie,1,w,1
Vanesa,1,w,1
Vanessa,1,w,1
Vanja,1,w,1
Vasiliki,1,w,1
Vera,1,w,1
Vildan,1,w,1
Viola,1,w,1
Virginie,1,w,1
Vivian,1,w,1
Vivien,1,w,1
Véline,1,w,1
Wanda,1,w,1
Wilhelmine,1,w,1
Xheneta,1,w,1
Yadenur,1,w,1
Yael,1,w,1
Yasamin,1,w,1
Yeliz,1,w,1
Yva,1,w,1
Zaara,1,w,1
Zarina-Marie,1,w,1
Zeynep-Sıla,1,w,1
Zhulieta,1,w,1
Zilan,1,w,1
Zita,1,w,1
Zoe,1,w,1
Zoey-Tiara,1,w,1
Zora,1,w,1
Zoéy,1,w,1
Zoë,1,w,1
Zulejha,1,w,1
Zuzanna,1,w,1
Zélie,1,w,1
Şeyma,1,w,1
